id;bus_name;bus_number;b_fare;b_timing
1;Re-contextualized;web-enabled invoice withdrawal;53577;Licensed hacking installation
2;Argentine Peso;Kentucky Algerian Dinar Clothing;51209;Future-proofed deposit Sausages
3;disintermediate Cambridgeshire hacking;bricks-and-clicks Concrete Global;87733;Enhanced deposit parsing
4;Borders content-based;Tasty Customer Human;63310;B2B
5;Saint Helena Pound programming;AI optical invoice;8413;Cheese Dynamic Home Loan Account
6;transform;invoice Home Gloves;54873;Cayman Islands Dollar invoice
7;Fish;Networked;32539;navigate
8;program alarm;Nevada;9367;turn-key dedicated
9;Wisconsin;target Human withdrawal;79481;Borders North Dakota
10;CSS Re-contextualized;local Shoes;64547;Chips
